{"markets_total":254.0,"markets_with_snapshot":254.0,"markets_with_volume_24h":221.0,"markets_with_trades_24h":178.0,"coverage_ratio_median":0.0331060576,"coverage_ratio_p25":0.0015160926,"coverage_ratio_p75":0.1463967461}